Workbook

Sheet 원재료
A1: VINI COFFEE 안락동점 월간 식자재 수불 대장 (81개 전품목 연동)
A3: 유통기간 | B3: 구 분(발주처) | C3: 1일 | D3: 2일 | E3: 3일 | F3: 4일 | G3: 5일 | H3: 6일 | I3: 7일 | J3: 8일 | K3: 9일 | L3: 10일 | M3: 11일 | N3: 12일 | O3: 13일 | P3: 14일 | Q3: 15일 | R3: 16일 | S3: 17일 | T3: 18일 | U3: 19일 | V3: 20일 | W3: 21일 | X3: 22일 | Y3: 23일 | Z3: 24일 | AA3: 25일 | AB3: 26일 | AC3: 27일 | AD3: 28일 | AE3: 29일 | AF3: 30일 | AG3: 31일 | AH3: 전월 재고 | AI3: 금월 입고 | AJ3: 월 소모 합계 | AK3: 현 재고
A4: 46793 | B4: 커피(퍼플-마스터피스) | C4: 0 | D4: 2 | E4: 0 | F4: 0 | G4: 0 | H4: 0 | I4: 0 | J4: 0 | K4: 0 | L4: 0 | M4: 0 | N4: 0 | O4: 0 | P4: 0 | Q4: 0 | R4: 0 | S4: 0 | T4: 0 | U4: 0 | V4: 0 | W4: 0 | X4: 0 | Y4: 0 | Z4: 0 | AA4: 0 | AB4: 0 | AC4: 0 | AD4: 0 | AE4: 0 | AF4: 0 | AG4: 0 | AH4: 19 | AI4: 0 | AJ4: =SUM(C4:AG4) -> 2 | AK4: =AH4+AI4-AJ4 -> 17
A5: 2026-10-27 | B5: 디카페인커피(퍼를-감성고릴라) | C5: 0 | D5: 0 | E5: 0 | F5: 0 | G5: 0 | H5: 0 | I5: 0 | J5: 0 | K5: 0 | L5: 0 | M5: 0 | N5: 0 | O5: 0 | P5: 0 | Q5: 0 | R5: 0 | S5: 0 | T5: 0 | U5: 0 | V5: 0 | W5: 0 | X5: 0 | Y5: 0 | Z5: 0 | AA5: 0 | AB5: 0 | AC5: 0 | AD5: 0 | AE5: 0 | AF5: 0 | AG5: 0 | AH5: 8 | AI5: 0 | AJ5: =SUM(C5:AG5) -> 0 | AK5: =AH5+AI5-AJ5 -> 8
A6: 2026-12-29 | B6: 시럽 | C6: 0 | D6: 0 | E6: 0 | F6: 0 | G6: 0 | H6: 0 | I6: 0 | J6: 0 | K6: 0 | L6: 0 | M6: 0 | N6: 0 | O6: 0 | P6: 0 | Q6: 0 | R6: 0 | S6: 0 | T6: 0 | U6: 0 | V6: 0 | W6: 0 | X6: 0 | Y6: 0 | Z6: 0 | AA6: 0 | AB6: 0 | AC6: 0 | AD6: 0 | AE6: 0 | AF6: 0 | AG6: 0 | AH6: 7 | AI6: 0 | AJ6: =SUM(C6:AG6) -> 0 | AK6: =AH6+AI6-AJ6 -> 7
A7: 46213 | B7: 서울우유 | C7: 4 | D7: 6 | E7: 0 | F7: 0 | G7: 0 | H7: 0 | I7: 0 | J7: 0 | K7: 0 | L7: 0 | M7: 0 | N7: 0 | O7: 0 | P7: 0 | Q7: 0 | R7: 0 | S7: 0 | T7: 0 | U7: 0 | V7: 0 | W7: 0 | X7: 0 | Y7: 0 | Z7: 0 | AA7: 0 | AB7: 0 | AC7: 0 | AD7: 0 | AE7: 0 | AF7: 0 | AG7: 0 | AH7: 3 | AI7: 16 | AJ7: =SUM(C7:AG7) -> 10 | AK7: =AH7+AI7-AJ7 -> 9
A8: 2028-01-22 | B8: 바닐라 파우더(퍼플랜드) | C8: 0 | D8: 0 | E8: 0 | F8: 0 | G8: 0 | H8: 0 | I8: 0 | J8: 0 | K8: 0 | L8: 0 | M8: 0 | N8: 0 | O8: 0 | P8: 0 | Q8: 0 | R8: 0 | S8: 0 | T8: 0 | U8: 0 | V8: 0 | W8: 0 | X8: 0 | Y8: 0 | Z8: 0 | AA8: 0 | AB8: 0 | AC8: 0 | AD8: 0 | AE8: 0 | AF8: 0 | AG8: 0 | AH8: 5 | AI8: 0 | AJ8: =SUM(C8:AG8) -> 0 | AK8: =AH8+AI8-AJ8 -> 5
A9: 2027-08-11 | B9: 초코 파우더(퍼플랜드) | C9: 1 | D9: 0 | E9: 0 | F9: 0 | G9: 0 | H9: 0 | I9: 0 | J9: 0 | K9: 0 | L9: 0 | M9: 0 | N9: 0 | O9: 0 | P9: 0 | Q9: 0 | R9: 0 | S9: 0 | T9: 0 | U9: 0 | V9: 0 | W9: 0 | X9: 0 | Y9: 0 | Z9: 0 | AA9: 0 | AB9: 0 | AC9: 0 | AD9: 0 | AE9: 0 | AF9: 0 | AG9: 0 | AH9: 4 | AI9: 1 | AJ9: =SUM(C9:AG9) -> 1 | AK9: =AH9+AI9-AJ9 -> 4
A10: 2027-04-04 | B10: 코코넛 파우더(퍼플랜드) | C10: 0 | D10: 0 | E10: 0 | F10: 0 | G10: 0 | H10: 0 | I10: 0 | J10: 0 | K10: 0 | L10: 0 | M10: 0 | N10: 0 | O10: 0 | P10: 0 | Q10: 0 | R10: 0 | S10: 0 | T10: 0 | U10: 0 | V10: 0 | W10: 0 | X10: 0 | Y10: 0 | Z10: 0 | AA10: 0 | AB10: 0 | AC10: 0 | AD10: 0 | AE10: 0 | AF10: 0 | AG10: 0 | AH10: 2 | AI10: 0 | AJ10: =SUM(C10:AG10) -> 0 | AK10: =AH10+AI10-AJ10 -> 2
A11: 2027-10-28 | B11: 복숭아 파우더(퍼플랜드 | C11: 0 | D11: 0 | E11: 0 | F11: 0 | G11: 0 | H11: 0 | I11: 0 | J11: 0 | K11: 0 | L11: 0 | M11: 0 | N11: 0 | O11: 0 | P11: 0 | Q11: 0 | R11: 0 | S11: 0 | T11: 0 | U11: 0 | V11: 0 | W11: 0 | X11: 0 | Y11: 0 | Z11: 0 | AA11: 0 | AB11: 0 | AC11: 0 | AD11: 0 | AE11: 0 | AF11: 0 | AG11: 0 | AH11: 5 | AI11: 0 | AJ11: =SUM(C11:AG11) -> 0 | AK11: =AH11+AI11-AJ11 -> 5
A12: 2027-09-14 | B12: 플레인 파우더(퍼플랜드) | C12: 0 | D12: 0 | E12: 0 | F12: 0 | G12: 0 | H12: 0 | I12: 0 | J12: 0 | K12: 0 | L12: 0 | M12: 0 | N12: 0 | O12: 0 | P12: 0 | Q12: 0 | R12: 0 | S12: 0 | T12: 0 | U12: 0 | V12: 0 | W12: 0 | X12: 0 | Y12: 0 | Z12: 0 | AA12: 0 | AB12: 0 | AC12: 0 | AD12: 0 | AE12: 0 | AF12: 0 | AG12: 0 | AH12: 5 | AI12: 0 | AJ12: =SUM(C12:AG12) -> 0 | AK12: =AH12+AI12-AJ12 -> 5
A13: 2028-01-11 | B13: 말차 파우더(퍼플랜드) | C13: 0 | D13: 0 | E13: 0 | F13: 0 | G13: 0 | H13: 0 | I13: 0 | J13: 0 | K13: 0 | L13: 0 | M13: 0 | N13: 0 | O13: 0 | P13: 0 | Q13: 0 | R13: 0 | S13: 0 | T13: 0 | U13: 0 | V13: 0 | W13: 0 | X13: 0 | Y13: 0 | Z13: 0 | AA13: 0 | AB13: 0 | AC13: 0 | AD13: 0 | AE13: 0 | AF13: 0 | AG13: 0 | AH13: 4 | AI13: 1 | AJ13: =SUM(C13:AG13) -> 0 | AK13: =AH13+AI13-AJ13 -> 5
A14: 2027-06-03 | B14: 밀크 파우더(퍼플랜드) | C14: 0 | D14: 0 | E14: 0 | F14: 0 | G14: 0 | H14: 0 | I14: 0 | J14: 0 | K14: 0 | L14: 0 | M14: 0 | N14: 0 | O14: 0 | P14: 0 | Q14: 0 | R14: 0 | S14: 0 | T14: 0 | U14: 0 | V14: 0 | W14: 0 | X14: 0 | Y14: 0 | Z14: 0 | AA14: 0 | AB14: 0 | AC14: 0 | AD14: 0 | AE14: 0 | AF14: 0 | AG14: 0 | AH14: 3 | AI14: 0 | AJ14: =SUM(C14:AG14) -> 0 | AK14: =AH14+AI14-AJ14 -> 3
A15: 2027-05-12 | B15: 연유(메가) | C15: 0 | D15: 0 | E15: 0 | F15: 0 | G15: 0 | H15: 0 | I15: 0 | J15: 0 | K15: 0 | L15: 0 | M15: 0 | N15: 0 | O15: 0 | P15: 0 | Q15: 0 | R15: 0 | S15: 0 | T15: 0 | U15: 0 | V15: 0 | W15: 0 | X15: 0 | Y15: 0 | Z15: 0 | AA15: 0 | AB15: 0 | AC15: 0 | AD15: 0 | AE15: 0 | AF15: 0 | AG15: 0 | AH15: 1 | AI15: 0 | AJ15: =SUM(C15:AG15) -> 0 | AK15: =AH15+AI15-AJ15 -> 1
A16: 2027-05-21 | B16: 카라멜(메가) | C16: 0 | D16: 0 | E16: 0 | F16: 0 | G16: 0 | H16: 0 | I16: 0 | J16: 0 | K16: 0 | L16: 0 | M16: 0 | N16: 0 | O16: 0 | P16: 0 | Q16: 0 | R16: 0 | S16: 0 | T16: 0 | U16: 0 | V16: 0 | W16: 0 | X16: 0 | Y16: 0 | Z16: 0 | AA16: 0 | AB16: 0 | AC16: 0 | AD16: 0 | AE16: 0 | AF16: 0 | AG16: 0 | AH16: 0 | AI16: 0 | AJ16: =SUM(C16:AG16) -> 0 | AK16: =AH16+AI16-AJ16 -> 0
A17: 2026-09-09 | B17: 자몽 건조 과일(쿠팡) | C17: 0 | D17: 0 | E17: 0 | F17: 0 | G17: 0 | H17: 0 | I17: 0 | J17: 0 | K17: 0 | L17: 0 | M17: 0 | N17: 0 | O17: 0 | P17: 0 | Q17: 0 | R17: 0 | S17: 0 | T17: 0 | U17: 0 | V17: 0 | W17: 0 | X17: 0 | Y17: 0 | Z17: 0 | AA17: 0 | AB17: 0 | AC17: 0 | AD17: 0 | AE17: 0 | AF17: 0 | AG17: 0 | AH17: 0 | AI17: 0 | AJ17: =SUM(C17:AG17) -> 0 | AK17: =AH17+AI17-AJ17 -> 0
A18: 2027-09-04 | B18: 레몬 건조 과일(쿠팡) | C18: 0 | D18: 0 | E18: 0 | F18: 0 | G18: 0 | H18: 0 | I18: 0 | J18: 0 | K18: 0 | L18: 0 | M18: 0 | N18: 0 | O18: 0 | P18: 0 | Q18: 0 | R18: 0 | S18: 0 | T18: 0 | U18: 0 | V18: 0 | W18: 0 | X18: 0 | Y18: 0 | Z18: 0 | AA18: 0 | AB18: 0 | AC18: 0 | AD18: 0 | AE18: 0 | AF18: 0 | AG18: 0 | AH18: 2 | AI18: 0 | AJ18: =SUM(C18:AG18) -> 0 | AK18: =AH18+AI18-AJ18 -> 2
A19: 2027-07-03 | B19: 청귤 건초 과일(쿠팡) | C19: 0 | D19: 0 | E19: 0 | F19: 0 | G19: 0 | H19: 0 | I19: 0 | J19: 0 | K19: 0 | L19: 0 | M19: 0 | N19: 0 | O19: 0 | P19: 0 | Q19: 0 | R19: 0 | S19: 0 | T19: 0 | U19: 0 | V19: 0 | W19: 0 | X19: 0 | Y19: 0 | Z19: 0 | AA19: 0 | AB19: 0 | AC19: 0 | AD19: 0 | AE19: 0 | AF19: 0 | AG19: 0 | AH19: 0 | AI19: 0 | AJ19: =SUM(C19:AG19) -> 0 | AK19: =AH19+AI19-AJ19 -> 0
... A41: 2026-09-06 | B41: 커피땅콩 | C41: 0 | D41: 0 | E41: 0 | F41: 0 | G41: 0 | H41: 0 | I41: 0 | J41: 0 | K41: 0 | L41: 0 | M41: 0 | N41: 0 | O41: 0 | P41: 0 | Q41: 0 | R41: 0 | S41: 0 | T41: 0 | U41: 0 | V41: 0 | W41: 0 | X41: 0 | Y41: 0 | Z41: 0 | AA41: 0 | AB41: 0 | AC41: 0 | AD41: 0 | AE41: 0 | AF41: 0 | AG41: 0 | AH41: 1 | AI41: 0 | AJ41: =SUM(C41:AG41) -> 0 | AK41: =AH41+AI41-AJ41 -> 1
A42: 47011 | B42: 냉동 망고 다이스 | C42: 0 | D42: 0 | E42: 0 | F42: 0 | G42: 0 | H42: 0 | I42: 0 | J42: 0 | K42: 0 | L42: 0 | M42: 0 | N42: 0 | O42: 0 | P42: 0 | Q42: 0 | R42: 0 | S42: 0 | T42: 0 | U42: 0 | V42: 0 | W42: 0 | X42: 0 | Y42: 0 | Z42: 0 | AA42: 0 | AB42: 0 | AC42: 0 | AD42: 0 | AE42: 0 | AF42: 0 | AG42: 0 | AH42: 0 | AI42: 2 | AJ42: =SUM(C42:AG42) -> 0 | AK42: =AH42+AI42-AJ42 -> 2
A43: 47180 | B43: 냉동 수박 다이스 | C43: 0 | D43: 0 | E43: 0 | F43: 0 | G43: 0 | H43: 0 | I43: 0 | J43: 0 | K43: 0 | L43: 0 | M43: 0 | N43: 0 | O43: 0 | P43: 0 | Q43: 0 | R43: 0 | S43: 0 | T43: 0 | U43: 0 | V43: 0 | W43: 0 | X43: 0 | Y43: 0 | Z43: 0 | AA43: 0 | AB43: 0 | AC43: 0 | AD43: 0 | AE43: 0 | AF43: 0 | AG43: 0 | AH43: 0 | AI43: 5 | AJ43: =SUM(C43:AG43) -> 0 | AK43: =AH43+AI43-AJ43 -> 5
A44: 46919 | B44: 냉동 아보카도 다이스 | C44: 0 | D44: 0 | E44: 0 | F44: 0 | G44: 0 | H44: 0 | I44: 0 | J44: 0 | K44: 0 | L44: 0 | M44: 0 | N44: 0 | O44: 0 | P44: 0 | Q44: 0 | R44: 0 | S44: 0 | T44: 0 | U44: 0 | V44: 0 | W44: 0 | X44: 0 | Y44: 0 | Z44: 0 | AA44: 0 | AB44: 0 | AC44: 0 | AD44: 0 | AE44: 0 | AF44: 0 | AG44: 0 | AH44: 0 | AI44: 4 | AJ44: =SUM(C44:AG44) -> 0 | AK44: =AH44+AI44-AJ44 -> 4
A45: 46835 | B45: 꿀 | C45: 0 | D45: 0 | E45: 0 | F45: 0 | G45: 0 | H45: 0 | I45: 0 | J45: 0 | K45: 0 | L45: 0 | M45: 0 | N45: 0 | O45: 0 | P45: 0 | Q45: 0 | R45: 0 | S45: 0 | T45: 0 | U45: 0 | V45: 0 | W45: 0 | X45: 0 | Y45: 0 | Z45: 0 | AA45: 0 | AB45: 0 | AC45: 0 | AD45: 0 | AE45: 0 | AF45: 0 | AG45: 0 | AH45: 0 | AI45: 2 | AJ45: =SUM(C45:AG45) -> 0 | AK45: =AH45+AI45-AJ45 -> 2

Sheet 부자재
A1: VINI COFFEE 안락동점 월간 식자재 수불 대장 (81개 전품목 연동)
A3: 유통기간 | B3: 구 분(발주처) | C3: 1일 | D3: 2일 | E3: 3일 | F3: 4일 | G3: 5일 | H3: 6일 | I3: 7일 | J3: 8일 | K3: 9일 | L3: 10일 | M3: 11일 | N3: 12일 | O3: 13일 | P3: 14일 | Q3: 15일 | R3: 16일 | S3: 17일 | T3: 18일 | U3: 19일 | V3: 20일 | W3: 21일 | X3: 22일 | Y3: 23일 | Z3: 24일 | AA3: 25일 | AB3: 26일 | AC3: 27일 | AD3: 28일 | AE3: 29일 | AF3: 30일 | AG3: 31일 | AH3: 전월 재고 | AI3: 금월 입고 | AJ3: 월 소모 합계 | AK3: 현 재고
B4: 아이스 컵(메가) (줄) | C4: 0 | D4: 0 | E4: 0 | F4: 0 | G4: 0 | H4: 0 | I4: 0 | J4: 0 | K4: 0 | L4: 0 | M4: 0 | N4: 0 | O4: 0 | P4: 0 | Q4: 0 | R4: 0 | S4: 0 | T4: 0 | U4: 0 | V4: 0 | W4: 0 | X4: 0 | Y4: 0 | Z4: 0 | AA4: 0 | AB4: 0 | AC4: 0 | AD4: 0 | AE4: 0 | AF4: 0 | AG4: 0 | AH4: 0 | AI4: 47 | AJ4: =SUM(C51:AG51) -> 0 | AK4: =AH51+AI51-AJ51 -> 0
B5: 핫 컵 (줄) | C5: 0 | D5: 0 | E5: 0 | F5: 0 | G5: 0 | H5: 0 | I5: 0 | J5: 0 | K5: 0 | L5: 0 | M5: 0 | N5: 0 | O5: 0 | P5: 0 | Q5: 0 | R5: 0 | S5: 0 | T5: 0 | U5: 0 | V5: 0 | W5: 0 | X5: 0 | Y5: 0 | Z5: 0 | AA5: 0 | AB5: 0 | AC5: 0 | AD5: 0 | AE5: 0 | AF5: 0 | AG5: 0 | AH5: 0 | AI5: 24 | AJ5: =SUM(C52:AG52) -> 0 | AK5: =AH52+AI52-AJ52 -> 0
B6: 핫 두껑 (줄) | C6: 0 | D6: 0 | E6: 0 | F6: 0 | G6: 0 | H6: 0 | I6: 0 | J6: 0 | K6: 0 | L6: 0 | M6: 0 | N6: 0 | O6: 0 | P6: 0 | Q6: 0 | R6: 0 | S6: 0 | T6: 0 | U6: 0 | V6: 0 | W6: 0 | X6: 0 | Y6: 0 | Z6: 0 | AA6: 0 | AB6: 0 | AC6: 0 | AD6: 0 | AE6: 0 | AF6: 0 | AG6: 0 | AH6: 0 | AI6: 15 | AJ6: =SUM(C53:AG53) -> 0 | AK6: =AH53+AI53-AJ53 -> 0
B7: 아이스 뚜껑(98파이-메가) (줄) | C7: 0 | D7: 0 | E7: 0 | F7: 0 | G7: 0 | H7: 0 | I7: 0 | J7: 0 | K7: 0 | L7: 0 | M7: 0 | N7: 0 | O7: 0 | P7: 0 | Q7: 0 | R7: 0 | S7: 0 | T7: 0 | U7: 0 | V7: 0 | W7: 0 | X7: 0 | Y7: 0 | Z7: 0 | AA7: 0 | AB7: 0 | AC7: 0 | AD7: 0 | AE7: 0 | AF7: 0 | AG7: 0 | AH7: 0 | AI7: 28 | AJ7: =SUM(C54:AG54) -> 0 | AK7: =AH54+AI54-AJ54 -> 0
B8: 스무디 뚜껑(98파이-메가) (줄) | C8: 0 | D8: 0 | E8: 0 | F8: 0 | G8: 0 | H8: 0 | I8: 0 | J8: 0 | K8: 0 | L8: 0 | M8: 0 | N8: 0 | O8: 0 | P8: 0 | Q8: 0 | R8: 0 | S8: 0 | T8: 0 | U8: 0 | V8: 0 | W8: 0 | X8: 0 | Y8: 0 | Z8: 0 | AA8: 0 | AB8: 0 | AC8: 0 | AD8: 0 | AE8: 0 | AF8: 0 | AG8: 0 | AH8: 0 | AI8: 20 | AJ8: =SUM(C55:AG55) -> 0 | AK8: =AH55+AI55-AJ55 -> 0
B9: 아이스 컵(메가) 14oz (줄) | C9: 0 | D9: 0 | E9: 0 | F9: 0 | G9: 0 | H9: 0 | I9: 0 | J9: 0 | K9: 0 | L9: 0 | M9: 0 | N9: 0 | O9: 0 | P9: 0 | Q9: 0 | R9: 0 | S9: 0 | T9: 0 | U9: 0 | V9: 0 | W9: 0 | X9: 0 | Y9: 0 | Z9: 0 | AA9: 0 | AB9: 0 | AC9: 0 | AD9: 0 | AE9: 0 | AF9: 0 | AG9: 0 | AH9: 0 | AI9: 9 | AJ9: =SUM(C56:AG56) -> 0 | AK9: =AH56+AI56-AJ56 -> 0
B10: 컵홀더(본사중앙창고) | C10: 0 | D10: 0 | E10: 0 | F10: 0 | G10: 0 | H10: 0 | I10: 0 | J10: 0 | K10: 0 | L10: 0 | M10: 0 | N10: 0 | O10: 0 | P10: 0 | Q10: 0 | R10: 0 | S10: 0 | T10: 0 | U10: 0 | V10: 0 | W10: 0 | X10: 0 | Y10: 0 | Z10: 0 | AA10: 0 | AB10: 0 | AC10: 0 | AD10: 0 | AE10: 0 | AF10: 0 | AG10: 0 | AH10: 0 | AI10: 45 | AJ10: =SUM(C57:AG57) -> 0 | AK10: =AH57+AI57-AJ57 -> 0
B11: 빨대 (소) 커피용 | C11: 0 | D11: 0 | E11: 0 | F11: 0 | G11: 0 | H11: 0 | I11: 0 | J11: 0 | K11: 0 | L11: 0 | M11: 0 | N11: 0 | O11: 0 | P11: 0 | Q11: 0 | R11: 0 | S11: 0 | T11: 0 | U11: 0 | V11: 0 | W11: 0 | X11: 0 | Y11: 0 | Z11: 0 | AA11: 0 | AB11: 0 | AC11: 0 | AD11: 0 | AE11: 0 | AF11: 0 | AG11: 0 | AH11: 0 | AI11: 0 | AJ11: =SUM(C58:AG58) -> 0 | AK11: =AH58+AI58-AJ58 -> 0
B12: 빨대 (대) 스무디용 | C12: 0 | D12: 0 | E12: 0 | F12: 0 | G12: 0 | H12: 0 | I12: 0 | J12: 0 | K12: 0 | L12: 0 | M12: 0 | N12: 0 | O12: 0 | P12: 0 | Q12: 0 | R12: 0 | S12: 0 | T12: 0 | U12: 0 | V12: 0 | W12: 0 | X12: 0 | Y12: 0 | Z12: 0 | AA12: 0 | AB12: 0 | AC12: 0 | AD12: 0 | AE12: 0 | AF12: 0 | AG12: 0 | AH12: 0 | AI12: 0 | AJ12: =SUM(C59:AG59) -> 0 | AK12: =AH59+AI59-AJ59 -> 0
B13: 세정제 커피 클린 | C13: 0 | D13: 0 | E13: 0 | F13: 0 | G13: 0 | H13: 0 | I13: 0 | J13: 0 | K13: 0 | L13: 0 | M13: 0 | N13: 0 | O13: 0 | P13: 0 | Q13: 0 | R13: 0 | S13: 0 | T13: 0 | U13: 0 | V13: 0 | W13: 0 | X13: 0 | Y13: 0 | Z13: 0 | AA13: 0 | AB13: 0 | AC13: 0 | AD13: 0 | AE13: 0 | AF13: 0 | AG13: 0 | AH13: 0 | AI13: 0 | AJ13: =SUM(C60:AG60) -> 0 | AK13: =AH60+AI60-AJ60 -> 0

Sheet 디저트&완제품
A1: VINI COFFEE 안락동점 월간 식자재 수불 대장 (81개 전품목 연동)
A3: 유통기간 | B3: 구 분(발주처) | C3: 1일 | D3: 2일 | E3: 3일 | F3: 4일 | G3: 5일 | H3: 6일 | I3: 7일 | J3: 8일 | K3: 9일 | L3: 10일 | M3: 11일 | N3: 12일 | O3: 13일 | P3: 14일 | Q3: 15일 | R3: 16일 | S3: 17일 | T3: 18일 | U3: 19일 | V3: 20일 | W3: 21일 | X3: 22일 | Y3: 23일 | Z3: 24일 | AA3: 25일 | AB3: 26일 | AC3: 27일 | AD3: 28일 | AE3: 29일 | AF3: 30일 | AG3: 31일 | AH3: 전월 재고 | AI3: 금월 입고 | AJ3: 월 소모 합계 | AK3: 현 재고
A5: 2026-09-29 | B5: 고르곤졸라피자(시카고) | C5: 0 | D5: 0 | E5: 0 | F5: 0 | G5: 0 | H5: 0 | I5: 0 | J5: 0 | K5: 0 | L5: 0 | M5: 0 | N5: 0 | O5: 0 | P5: 0 | Q5: 0 | R5: 0 | S5: 0 | T5: 0 | U5: 0 | V5: 0 | W5: 0 | X5: 0 | Y5: 0 | Z5: 0 | AA5: 0 | AB5: 0 | AC5: 0 | AD5: 0 | AE5: 0 | AF5: 0 | AG5: 0 | AH5: 29 | AI5: 0 | AJ5: =SUM(C5:AG5) -> 0 | AK5: =AH5+AI5-AJ5 -> 29
A6: 2026-09-22 | B6: 치킨 피자(시카고) | C6: 0 | D6: 0 | E6: 0 | F6: 0 | G6: 0 | H6: 0 | I6: 0 | J6: 0 | K6: 0 | L6: 0 | M6: 0 | N6: 0 | O6: 0 | P6: 0 | Q6: 0 | R6: 0 | S6: 0 | T6: 0 | U6: 0 | V6: 0 | W6: 0 | X6: 0 | Y6: 0 | Z6: 0 | AA6: 0 | AB6: 0 | AC6: 0 | AD6: 0 | AE6: 0 | AF6: 0 | AG6: 0 | AH6: 29 | AI6: 0 | AJ6: =SUM(C6:AG6) -> 0 | AK6: =AH6+AI6-AJ6 -> 29
A7: 2026-09-01 | B7: 페페로니 피자(시카고) | C7: 0 | D7: 0 | E7: 0 | F7: 0 | G7: 0 | H7: 0 | I7: 0 | J7: 0 | K7: 0 | L7: 0 | M7: 0 | N7: 0 | O7: 0 | P7: 0 | Q7: 0 | R7: 0 | S7: 0 | T7: 0 | U7: 0 | V7: 0 | W7: 0 | X7: 0 | Y7: 0 | Z7: 0 | AA7: 0 | AB7: 0 | AC7: 0 | AD7: 0 | AE7: 0 | AF7: 0 | AG7: 0 | AH7: 32 | AI7: 1 | AJ7: =SUM(C7:AG7) -> 0 | AK7: =AH7+AI7-AJ7 -> 33
A8: 2026-10-26 | B8: 콤비네이션 씬피자 | C8: 0 | D8: 0 | E8: 0 | F8: 0 | G8: 0 | H8: 0 | I8: 0 | J8: 0 | K8: 0 | L8: 0 | M8: 0 | N8: 0 | O8: 0 | P8: 0 | Q8: 0 | R8: 0 | S8: 0 | T8: 0 | U8: 0 | V8: 0 | W8: 0 | X8: 0 | Y8: 0 | Z8: 0 | AA8: 0 | AB8: 0 | AC8: 0 | AD8: 0 | AE8: 0 | AF8: 0 | AG8: 0 | AH8: 6 | AI8: 20 | AJ8: =SUM(C8:AG8) -> 0 | AK8: =AH8+AI8-AJ8 -> 26
A9: 2026-10-26 | B9: 고르곤존라 씬피자 | C9: 0 | D9: 0 | E9: 0 | F9: 0 | G9: 0 | H9: 0 | I9: 0 | J9: 0 | K9: 0 | L9: 0 | M9: 0 | N9: 0 | O9: 0 | P9: 0 | Q9: 0 | R9: 0 | S9: 0 | T9: 0 | U9: 0 | V9: 0 | W9: 0 | X9: 0 | Y9: 0 | Z9: 0 | AA9: 0 | AB9: 0 | AC9: 0 | AD9: 0 | AE9: 0 | AF9: 0 | AG9: 0 | AH9: 6 | AI9: 20 | AJ9: =SUM(C9:AG9) -> 0 | AK9: =AH9+AI9-AJ9 -> 26
A10: 2026-10-08 | B10: 불고기 씬피자 | C10: 0 | D10: 0 | E10: 0 | F10: 0 | G10: 0 | H10: 0 | I10: 0 | J10: 0 | K10: 0 | L10: 0 | M10: 0 | N10: 0 | O10: 0 | P10: 0 | Q10: 0 | R10: 0 | S10: 0 | T10: 0 | U10: 0 | V10: 0 | W10: 0 | X10: 0 | Y10: 0 | Z10: 0 | AA10: 0 | AB10: 0 | AC10: 0 | AD10: 0 | AE10: 0 | AF10: 0 | AG10: 0 | AH10: 10 | AI10: 0 | AJ10: =SUM(C10:AG10) -> 0 | AK10: =AH10+AI10-AJ10 -> 10
A11: 2028-01-08 | B11: 시세 치킨 윙(네이버) | C11: 0 | D11: 0 | E11: 0 | F11: 0 | G11: 0 | H11: 0 | I11: 0 | J11: 0 | K11: 0 | L11: 0 | M11: 0 | N11: 0 | O11: 0 | P11: 0 | Q11: 0 | R11: 0 | S11: 0 | T11: 0 | U11: 0 | V11: 0 | W11: 0 | X11: 0 | Y11: 0 | Z11: 0 | AA11: 0 | AB11: 0 | AC11: 0 | AD11: 0 | AE11: 0 | AF11: 0 | AG11: 0 | AH11: 3 | AI11: 0 | AJ11: =SUM(C11:AG11) -> 0 | AK11: =AH11+AI11-AJ11 -> 3
A12: 2027-12-24 | B12: 시세 치킨 봉(네이버) | C12: 0 | D12: 0 | E12: 0 | F12: 0 | G12: 0 | H12: 0 | I12: 0 | J12: 0 | K12: 0 | L12: 0 | M12: 0 | N12: 0 | O12: 0 | P12: 0 | Q12: 0 | R12: 0 | S12: 0 | T12: 0 | U12: 0 | V12: 0 | W12: 0 | X12: 0 | Y12: 0 | Z12: 0 | AA12: 0 | AB12: 0 | AC12: 0 | AD12: 0 | AE12: 0 | AF12: 0 | AG12: 0 | AH12: 2 | AI12: 0 | AJ12: =SUM(C12:AG12) -> 0 | AK12: =AH12+AI12-AJ12 -> 2
A13: 2028-03-23 | B13: 점보 매콤닭다리 | C13: 0 | D13: 0 | E13: 0 | F13: 0 | G13: 0 | H13: 0 | I13: 0 | J13: 0 | K13: 0 | L13: 0 | M13: 0 | N13: 0 | O13: 0 | P13: 0 | Q13: 0 | R13: 0 | S13: 0 | T13: 0 | U13: 0 | V13: 0 | W13: 0 | X13: 0 | Y13: 0 | Z13: 0 | AA13: 0 | AB13: 0 | AC13: 0 | AD13: 0 | AE13: 0 | AF13: 0 | AG13: 0 | AH13: 6 | AI13: 1 | AJ13: =SUM(C13:AG13) -> 0 | AK13: =AH13+AI13-AJ13 -> 7
A14: 2026-07-21 | B14: 까르보나라 파스타(쉐프엠-온라인) | C14: 0 | D14: 0 | E14: 0 | F14: 0 | G14: 0 | H14: 0 | I14: 0 | J14: 0 | K14: 0 | L14: 0 | M14: 0 | N14: 0 | O14: 0 | P14: 0 | Q14: 0 | R14: 0 | S14: 0 | T14: 0 | U14: 0 | V14: 0 | W14: 0 | X14: 0 | Y14: 0 | Z14: 0 | AA14: 0 | AB14: 0 | AC14: 0 | AD14: 0 | AE14: 0 | AF14: 0 | AG14: 0 | AH14: 5 | AI14: 0 | AJ14: =SUM(C14:AG14) -> 0 | AK14: =AH14+AI14-AJ14 -> 5
A15: 2026-07-17 | B15: 투움바 파스타(쉐프엠-온라인) | C15: 0 | D15: 0 | E15: 0 | F15: 0 | G15: 0 | H15: 0 | I15: 0 | J15: 0 | K15: 0 | L15: 1 | M15: 0 | N15: 0 | O15: 0 | P15: 0 | Q15: 0 | R15: 0 | S15: 0 | T15: 0 | U15: 0 | V15: 0 | W15: 0 | X15: 0 | Y15: 0 | Z15: 0 | AA15: 0 | AB15: 0 | AC15: 0 | AD15: 0 | AE15: 0 | AF15: 0 | AG15: 0 | AH15: 4 | AI15: 0 | AJ15: =SUM(C15:AG15) -> 1 | AK15: =AH15+AI15-AJ15 -> 3
A16: 2026-07-17 | B16: 라구파스타(쉐프엠- 온라인) | C16: 0 | D16: 0 | E16: 0 | F16: 0 | G16: 0 | H16: 0 | I16: 0 | J16: 0 | K16: 0 | L16: 0 | M16: 0 | N16: 0 | O16: 0 | P16: 0 | Q16: 0 | R16: 0 | S16: 0 | T16: 0 | U16: 0 | V16: 0 | W16: 0 | X16: 0 | Y16: 0 | Z16: 0 | AA16: 0 | AB16: 0 | AC16: 0 | AD16: 0 | AE16: 0 | AF16: 0 | AG16: 0 | AH16: 4 | AI16: 0 | AJ16: =SUM(C16:AG16) -> 0 | AK16: =AH16+AI16-AJ16 -> 4
... A19: 2026-11-18 | B19: 간장버터계란밥 | C19: 0 | D19: 0 | E19: 0 | F19: 0 | G19: 0 | H19: 0 | I19: 0 | J19: 0 | K19: 0 | L19: 0 | M19: 0 | N19: 0 | O19: 0 | P19: 0 | Q19: 0 | R19: 0 | S19: 0 | T19: 0 | U19: 0 | V19: 0 | W19: 0 | X19: 0 | Y19: 0 | Z19: 0 | AA19: 0 | AB19: 0 | AC19: 0 | AD19: 0 | AE19: 0 | AF19: 0 | AG19: 0 | AH19: 0 | AI19: 48 | AJ19: =SUM(C19:AG19) -> 0 | AK19: =AH19+AI19-AJ19 -> 48
A20: 46175 | B20: 묵은지 볶음밥 | C20: 0 | D20: 0 | E20: 0 | F20: 0 | G20: 0 | H20: 0 | I20: 0 | J20: 0 | K20: 0 | L20: 0 | M20: 0 | N20: 0 | O20: 0 | P20: 0 | Q20: 0 | R20: 0 | S20: 0 | T20: 0 | U20: 0 | V20: 0 | W20: 0 | X20: 0 | Y20: 0 | Z20: 0 | AA20: 0 | AB20: 0 | AC20: 0 | AD20: 0 | AE20: 0 | AF20: 0 | AG20: 0 | AH20: 0 | AI20: 30 | AJ20: 0 | AK20: =AH20+AI20-AJ20 -> 30
A21: 46183 | B21: 치킨데리야끼 볶음밥 | C21: 0 | D21: 0 | E21: 0 | F21: 0 | G21: 0 | H21: 0 | I21: 0 | J21: 0 | K21: 0 | L21: 0 | M21: 0 | N21: 0 | O21: 0 | P21: 0 | Q21: 0 | R21: 0 | S21: 0 | T21: 0 | U21: 0 | V21: 0 | W21: 0 | X21: 0 | Y21: 0 | Z21: 0 | AA21: 0 | AB21: 0 | AC21: 0 | AD21: 0 | AE21: 0 | AF21: 0 | AG21: 0 | AH21: 0 | AI21: 30 | AJ21: =SUM(C21:AG21) -> 0 | AK21: =AH21+AI21-AJ21 -> 30
A22: 46167 | B22: 해물 볶음밥 | C22: 0 | D22: 0 | E22: 0 | F22: 0 | G22: 0 | H22: 0 | I22: 0 | J22: 0 | K22: 0 | L22: 0 | M22: 0 | N22: 0 | O22: 0 | P22: 0 | Q22: 0 | R22: 0 | S22: 0 | T22: 0 | U22: 0 | V22: 0 | W22: 0 | X22: 0 | Y22: 0 | Z22: 0 | AA22: 0 | AB22: 0 | AC22: 0 | AD22: 0 | AE22: 0 | AF22: 0 | AG22: 0 | AH22: 0 | AI22: 30 | AJ22: =SUM(C22:AG22) -> 0 | AK22: =AH22+AI22-AJ22 -> 30
A23: 46520 | B23: 참치 볶음밥 | C23: 0 | D23: 0 | E23: 0 | F23: 0 | G23: 0 | H23: 0 | I23: 0 | J23: 0 | K23: 0 | L23: 0 | M23: 0 | N23: 0 | O23: 0 | P23: 0 | Q23: 0 | R23: 0 | S23: 0 | T23: 0 | U23: 0 | V23: 0 | W23: 0 | X23: 0 | Y23: 0 | Z23: 0 | AA23: 0 | AB23: 0 | AC23: 0 | AD23: 0 | AE23: 0 | AF23: 0 | AG23: 0 | AH23: 0 | AI23: 30 | AJ23: =SUM(C23:AG23) -> 0 | AK23: =AH23+AI23-AJ23 -> 30
A25: 2027-01-03 | B25: 얼그레이 곰돌(파미유-절판) | C25: 0 | D25: 0 | E25: 0 | F25: 0 | G25: 0 | H25: 0 | I25: 0 | J25: 0 | K25: 0 | L25: 0 | M25: 0 | N25: 0 | O25: 0 | P25: 0 | Q25: 0 | R25: 0 | S25: 0 | T25: 0 | U25: 0 | V25: 0 | W25: 0 | X25: 0 | Y25: 0 | Z25: 0 | AA25: 0 | AB25: 0 | AC25: 0 | AD25: 0 | AE25: 0 | AF25: 0 | AG25: 0 | AH25: 0 | AI25: 0 | AJ25: =SUM(C25:AG25) -> 0 | AK25: =AH25+AI25-AJ25 -> 0
A26: 2026-06-19 00:00:00 | B26: 카라멜 곰돌이 마들렌(파미유) | C26: 0 | D26: 0 | E26: 0 | F26: 0 | G26: 0 | H26: 0 | I26: 0 | J26: 0 | K26: 0 | L26: 0 | M26: 0 | N26: 0 | O26: 0 | P26: 0 | Q26: 0 | R26: 0 | S26: 0 | T26: 0 | U26: 0 | V26: 0 | W26: 0 | X26: 0 | Y26: 0 | Z26: 0 | AA26: 0 | AB26: 0 | AC26: 0 | AD26: 0 | AE26: 0 | AF26: 0 | AG26: 0 | AH26: 5 | AI26: 0 | AJ26: =SUM(C26:AG26) -> 0 | AK26: =AH26+AI26-AJ26 -> 5
A27: 2027-01-10 | B27: 초코 곰돌이 마들렌(파미유) | C27: 0 | D27: 0 | E27: 0 | F27: 0 | G27: 0 | H27: 0 | I27: 0 | J27: 0 | K27: 0 | L27: 0 | M27: 0 | N27: 0 | O27: 0 | P27: 0 | Q27: 0 | R27: 0 | S27: 0 | T27: 0 | U27: 0 | V27: 0 | W27: 0 | X27: 0 | Y27: 0 | Z27: 0 | AA27: 0 | AB27: 0 | AC27: 0 | AD27: 0 | AE27: 0 | AF27: 0 | AG27: 0 | AH27: 15 | AI27: 0 | AJ27: =SUM(C27:AG27) -> 0 | AK27: =AH27+AI27-AJ27 -> 15
A28: 2027-01-03 | B28: 플레인 곰돌이 마늘렌(파미유) | C28: 0 | D28: 0 | E28: 0 | F28: 0 | G28: 0 | H28: 0 | I28: 0 | J28: 0 | K28: 0 | L28: 0 | M28: 0 | N28: 0 | O28: 0 | P28: 0 | Q28: 0 | R28: 0 | S28: 0 | T28: 0 | U28: 0 | V28: 0 | W28: 0 | X28: 0 | Y28: 0 | Z28: 0 | AA28: 0 | AB28: 0 | AC28: 0 | AD28: 0 | AE28: 0 | AF28: 0 | AG28: 0 | AH28: 12 | AI28: 0 | AJ28: =SUM(C28:AG28) -> 0 | AK28: =AH28+AI28-AJ28 -> 12
A29: 2027-01-27 | B29: 치즈 스틱케이(파미유) | C29: 0 | D29: 0 | E29: 0 | F29: 0 | G29: 0 | H29: 0 | I29: 0 | J29: 0 | K29: 0 | L29: 0 | M29: 0 | N29: 0 | O29: 0 | P29: 0 | Q29: 0 | R29: 0 | S29: 0 | T29: 0 | U29: 0 | V29: 0 | W29: 0 | X29: 0 | Y29: 0 | Z29: 0 | AA29: 0 | AB29: 0 | AC29: 0 | AD29: 0 | AE29: 0 | AF29: 0 | AG29: 0 | AH29: 10 | AI29: 0 | AJ29: =SUM(C29:AG29) -> 0 | AK29: =AH29+AI29-AJ29 -> 10
A30: 2027-01-06 | B30: 쿠키앤치즈 스틱케이(파미유) | C30: 0 | D30: 0 | E30: 0 | F30: 0 | G30: 0 | H30: 0 | I30: 0 | J30: 0 | K30: 0 | L30: 0 | M30: 0 | N30: 0 | O30: 0 | P30: 0 | Q30: 0 | R30: 0 | S30: 0 | T30: 0 | U30: 0 | V30: 0 | W30: 0 | X30: 0 | Y30: 0 | Z30: 0 | AA30: 0 | AB30: 0 | AC30: 0 | AD30: 0 | AE30: 0 | AF30: 0 | AG30: 0 | AH30: 11 | AI30: 0 | AJ30: =SUM(C30:AG30) -> 0 | AK30: =AH30+AI30-AJ30 -> 11
A31: 2026-08-24 | B31: 링도넛츠 -초코(파미유) | C31: 0 | D31: 0 | E31: 0 | F31: 0 | G31: 0 | H31: 0 | I31: 0 | J31: 0 | K31: 1 | L31: 4 | M31: 0 | N31: 0 | O31: 0 | P31: 0 | Q31: 0 | R31: 0 | S31: 0 | T31: 0 | U31: 0 | V31: 0 | W31: 0 | X31: 0 | Y31: 0 | Z31: 0 | AA31: 0 | AB31: 0 | AC31: 0 | AD31: 0 | AE31: 0 | AF31: 0 | AG31: 0 | AH31: 31 | AI31: 5 | AJ31: =SUM(C31:AG31) -> 5 | AK31: =AH31+AI31-AJ31 -> 31
A32: 2026-09-13 | B32: 링도넛츠 -글레이츠(파미유) | C32: 0 | D32: 0 | E32: 0 | F32: 0 | G32: 0 | H32: 0 | I32: 0 | J32: 0 | K32: 1 | L32: 0 | M32: 0 | N32: 0 | O32: 0 | P32: 0 | Q32: 0 | R32: 0 | S32: 0 | T32: 0 | U32: 0 | V32: 0 | W32: 0 | X32: 0 | Y32: 0 | Z32: 0 | AA32: 0 | AB32: 0 | AC32: 0 | AD32: 0 | AE32: 0 | AF32: 0 | AG32: 0 | AH32: 40 | AI32: 1 | AJ32: =SUM(C32:AG32) -> 1 | AK32: =AH32+AI32-AJ32 -> 40
A33: 2026-10-08 | B33: 카야 대만샌드위치(파미유) | C33: 0 | D33: 0 | E33: 0 | F33: 0 | G33: 0 | H33: 0 | I33: 0 | J33: 0 | K33: 0 | L33: 0 | M33: 0 | N33: 0 | O33: 0 | P33: 0 | Q33: 0 | R33: 0 | S33: 0 | T33: 0 | U33: 0 | V33: 0 | W33: 0 | X33: 0 | Y33: 0 | Z33: 0 | AA33: 0 | AB33: 0 | AC33: 0 | AD33: 0 | AE33: 0 | AF33: 0 | AG33: 0 | AH33: 6 | AI33: 0 | AJ33: =SUM(C33:AG33) -> 0 | AK33: =AH33+AI33-AJ33 -> 6
A34: 2026-10-08 | B34: 햄치즈 대만샌드위치(파미유) | C34: 0 | D34: 0 | E34: 0 | F34: 0 | G34: 0 | H34: 0 | I34: 0 | J34: 0 | K34: 0 | L34: 0 | M34: 0 | N34: 0 | O34: 0 | P34: 0 | Q34: 0 | R34: 0 | S34: 0 | T34: 0 | U34: 0 | V34: 0 | W34: 0 | X34: 0 | Y34: 0 | Z34: 0 | AA34: 0 | AB34: 0 | AC34: 0 | AD34: 0 | AE34: 0 | AF34: 0 | AG34: 0 | AH34: 20 | AI34: 0 | AJ34: =SUM(C34:AG34) -> 0 | AK34: =AH34+AI34-AJ34 -> 20
AH35: 0 | AI35: 0 | AJ35: =SUM(C35:AG35) -> 0 | AK35: =AH35+AI35-AJ35 -> 0
A36: 2026-11-03 | B36: 마카다미아 | C36: 0 | D36: 0 | E36: 0 | F36: 0 | G36: 0 | H36: 0 | I36: 0 | J36: 0 | K36: 0 | L36: 0 | M36: 0 | N36: 0 | O36: 0 | P36: 0 | Q36: 0 | R36: 0 | S36: 0 | T36: 0 | U36: 0 | V36: 0 | W36: 0 | X36: 0 | Y36: 0 | Z36: 0 | AA36: 0 | AB36: 0 | AC36: 0 | AD36: 0 | AE36: 0 | AF36: 0 | AG36: 0 | AH36: 14 | AI36: 0 | AJ36: =SUM(C36:AG36) -> 0 | AK36: =AH36+AI36-AJ36 -> 14
A37: 2027-10-16 | B37: 초코렛 | C37: 0 | D37: 0 | E37: 0 | F37: 0 | G37: 0 | H37: 0 | I37: 0 | J37: 0 | K37: 0 | L37: 0 | M37: 0 | N37: 0 | O37: 0 | P37: 0 | Q37: 0 | R37: 0 | S37: 0 | T37: 0 | U37: 0 | V37: 0 | W37: 0 | X37: 0 | Y37: 0 | Z37: 0 | AA37: 0 | AB37: 0 | AC37: 0 | AD37: 0 | AE37: 0 | AF37: 0 | AG37: 0 | AH37: 26 | AI37: 0 | AJ37: =SUM(C37:AG37) -> 0 | AK37: =AH37+AI37-AJ37 -> 26
A38: 2026-11-26 | B38: 아몬드(빙수) | C38: 0 | D38: 0 | E38: 0 | F38: 0 | G38: 0 | H38: 0 | I38: 0 | J38: 0 | K38: 0 | L38: 0 | M38: 0 | N38: 0 | O38: 0 | P38: 0 | Q38: 0 | AH38: 0 | AI38: 0 | AJ38: =SUM(C38:AG38) -> 0 | AK38: =AH38+AI38-AJ38 -> 0
B39: 떡볶이 | C39: 0 | D39: 0 | E39: 0 | F39: 0 | G39: 0 | H39: 0 | I39: 0 | J39: 0 | K39: 0 | L39: 0 | M39: 0 | N39: 0 | O39: 0 | P39: 0 | Q39: 0 | R39: 0 | S39: 0 | T39: 0 | U39: 0 | V39: 0 | W39: 0 | X39: 0 | Y39: 0 | Z39: 0 | AA39: 0 | AB39: 0 | AC39: 0 | AD39: 0 | AE39: 0 | AF39: 0 | AG39: 0 | AH39: 0 | AI39: 0 | AJ39: =SUM(C39:AG39) -> 0 | AK39: =AH39+AI39-AJ39 -> 0

Sheet 원재료(간략)
A1: VINI COFFEE 안락동점 월간 식자재 현황 (원재료 간략)
A3: 유통기한 | B3: 품목이름 | C3: 현재고
A4: =원재료!A4 -> 46793 | B4: =원재료!B4 -> 커피(퍼플-마스터피스) | C4: =원재료!AK4 -> 17
A5: =원재료!A5 -> 2026-10-27 | B5: =원재료!B5 -> 디카페인커피(퍼를-감성고릴라) | C5: =원재료!AK5 -> 8
A6: =원재료!A6 -> 2026-12-29 | B6: =원재료!B6 -> 시럽 | C6: =원재료!AK6 -> 7
A7: =원재료!A7 -> 46213 | B7: =원재료!B7 -> 서울우유 | C7: =원재료!AK7 -> 9
A8: =원재료!A8 -> 2028-01-22 | B8: =원재료!B8 -> 바닐라 파우더(퍼플랜드) | C8: =원재료!AK8 -> 5
A9: =원재료!A9 -> 2027-08-11 | B9: =원재료!B9 -> 초코 파우더(퍼플랜드) | C9: =원재료!AK9 -> 4
A10: =원재료!A10 -> 2027-04-04 | B10: =원재료!B10 -> 코코넛 파우더(퍼플랜드) | C10: =원재료!AK10 -> 2
A11: =원재료!A11 -> 2027-10-28 | B11: =원재료!B11 -> 복숭아 파우더(퍼플랜드 | C11: =원재료!AK11 -> 5
A12: =원재료!A12 -> 2027-09-14 | B12: =원재료!B12 -> 플레인 파우더(퍼플랜드) | C12: =원재료!AK12 -> 5
A13: =원재료!A13 -> 2028-01-11 | B13: =원재료!B13 -> 말차 파우더(퍼플랜드) | C13: =원재료!AK13 -> 5
A14: =원재료!A14 -> 2027-06-03 | B14: =원재료!B14 -> 밀크 파우더(퍼플랜드) | C14: =원재료!AK14 -> 3
A15: =원재료!A15 -> 2027-05-12 | B15: =원재료!B15 -> 연유(메가) | C15: =원재료!AK15 -> 1
... A44: =원재료!A44 -> 46919 | B44: =원재료!B44 -> 냉동 아보카도 다이스 | C44: =원재료!AK44 -> 4

Sheet 부자재(간략)
A1: VINI COFFEE 안락동점 월간 식자재 현황 (부자재 간략)
A3: 유통기한 | B3: 품목이름 | C3: 현재고
A4: =부자재!A4 -> 0 | B4: =부자재!B4 -> 아이스 컵(메가) (줄) | C4: =부자재!AK4 -> 0
A5: =부자재!A5 -> 0 | B5: =부자재!B5 -> 핫 컵 (줄) | C5: =부자재!AK5 -> 0
A6: =부자재!A6 -> 0 | B6: =부자재!B6 -> 핫 두껑 (줄) | C6: =부자재!AK6 -> 0
A7: =부자재!A7 -> 0 | B7: =부자재!B7 -> 아이스 뚜껑(98파이-메가) (줄) | C7: =부자재!AK7 -> 0
A8: =부자재!A8 -> 0 | B8: =부자재!B8 -> 스무디 뚜껑(98파이-메가) (줄) | C8: =부자재!AK8 -> 0
A9: =부자재!A9 -> 0 | B9: =부자재!B9 -> 아이스 컵(메가) 14oz (줄) | C9: =부자재!AK9 -> 0
A10: =부자재!A10 -> 0 | B10: =부자재!B10 -> 컵홀더(본사중앙창고) | C10: =부자재!AK10 -> 0
A11: =부자재!A11 -> 0 | B11: =부자재!B11 -> 빨대 (소) 커피용 | C11: =부자재!AK11 -> 0
A12: =부자재!A12 -> 0 | B12: =부자재!B12 -> 빨대 (대) 스무디용 | C12: =부자재!AK12 -> 0
A13: =부자재!A13 -> 0 | B13: =부자재!B13 -> 세정제 커피 클린 | C13: =부자재!AK13 -> 0

Sheet 디저트&완제품(간략)
A1: VINI COFFEE 안락동점 월간 식자재 현황 (디저트&완제품 간략)
A3: 유통기한 | B3: 품목이름 | C3: 현재고
A4: ='디저트&완제품'!A4 -> 0 | B4: ='디저트&완제품'!B4 -> 0 | C4: ='디저트&완제품'!AK4 -> 0
A5: ='디저트&완제품'!A5 -> 2026-09-29 | B5: ='디저트&완제품'!B5 -> 고르곤졸라피자(시카고) | C5: ='디저트&완제품'!AK5 -> 29
A6: ='디저트&완제품'!A6 -> 2026-09-22 | B6: ='디저트&완제품'!B6 -> 치킨 피자(시카고) | C6: ='디저트&완제품'!AK6 -> 29
A7: ='디저트&완제품'!A7 -> 2026-09-01 | B7: ='디저트&완제품'!B7 -> 페페로니 피자(시카고) | C7: ='디저트&완제품'!AK7 -> 33
A8: ='디저트&완제품'!A8 -> 2026-10-26 | B8: ='디저트&완제품'!B8 -> 콤비네이션 씬피자 | C8: ='디저트&완제품'!AK8 -> 26
A9: ='디저트&완제품'!A9 -> 2026-10-26 | B9: ='디저트&완제품'!B9 -> 고르곤존라 씬피자 | C9: ='디저트&완제품'!AK9 -> 26
A10: ='디저트&완제품'!A10 -> 2026-10-08 | B10: ='디저트&완제품'!B10 -> 불고기 씬피자 | C10: ='디저트&완제품'!AK10 -> 10
A11: ='디저트&완제품'!A11 -> 2028-01-08 | B11: ='디저트&완제품'!B11 -> 시세 치킨 윙(네이버) | C11: ='디저트&완제품'!AK11 -> 3
A12: ='디저트&완제품'!A12 -> 2027-12-24 | B12: ='디저트&완제품'!B12 -> 시세 치킨 봉(네이버) | C12: ='디저트&완제품'!AK12 -> 2
A13: ='디저트&완제품'!A14 -> 2026-07-21 | B13: ='디저트&완제품'!B14 -> 까르보나라 파스타(쉐프엠-온라인) | C13: ='디저트&완제품'!AK14 -> 5
A14: ='디저트&완제품'!A15 -> 2026-07-17 | B14: ='디저트&완제품'!B15 -> 투움바 파스타(쉐프엠-온라인) | C14: ='디저트&완제품'!AK15 -> 3
A15: ='디저트&완제품'!A16 -> 2026-07-17 | B15: ='디저트&완제품'!B16 -> 라구파스타(쉐프엠- 온라인) | C15: ='디저트&완제품'!AK16 -> 4
A16: ='디저트&완제품'!A17 -> 2026-11-18 | B16: ='디저트&완제품'!B17 -> 소불고기 볶음밥 | C16: ='디저트&완제품'!AK17 -> 60
A17: ='디저트&완제품'!A18 -> 2026-11-18 | B17: ='디저트&완제품'!B18 -> 대패삼겹살볶음밥 | C17: ='디저트&완제품'!AK18 -> 48
A18: ='디저트&완제품'!A19 -> 2026-11-18 | B18: ='디저트&완제품'!B19 -> 간장버터계란밥 | C18: ='디저트&완제품'!AK19 -> 48
A19: ='디저트&완제품'!A20 -> 46175 | B19: ='디저트&완제품'!B20 -> 묵은지 볶음밥 | C19: ='디저트&완제품'!AK20 -> 30
A20: ='디저트&완제품'!A21 -> 46183 | B20: ='디저트&완제품'!B21 -> 치킨데리야끼 볶음밥 | C20: ='디저트&완제품'!AK21 -> 30
A21: ='디저트&완제품'!A22 -> 46167 | B21: ='디저트&완제품'!B22 -> 해물 볶음밥 | C21: ='디저트&완제품'!AK22 -> 30
A22: ='디저트&완제품'!A23 -> 46520 | B22: ='디저트&완제품'!B23 -> 참치 볶음밥 | C22: ='디저트&완제품'!AK23 -> 30
A23: ='디저트&완제품'!A25 -> 2027-01-03 | B23: ='디저트&완제품'!B25 -> 얼그레이 곰돌(파미유-절판) | C23: ='디저트&완제품'!AK25 -> 0
A24: ='디저트&완제품'!A26 -> 2026-06-19 00:00:00 | B24: ='디저트&완제품'!B26 -> 카라멜 곰돌이 마들렌(파미유) | C24: ='디저트&완제품'!AK26 -> 5
A25: ='디저트&완제품'!A27 -> 2027-01-10 | B25: ='디저트&완제품'!B27 -> 초코 곰돌이 마들렌(파미유) | C25: ='디저트&완제품'!AK27 -> 15
A26: ='디저트&완제품'!A28 -> 2027-01-03 | B26: ='디저트&완제품'!B28 -> 플레인 곰돌이 마늘렌(파미유) | C26: ='디저트&완제품'!AK28 -> 12
A27: ='디저트&완제품'!A29 -> 2027-01-27 | B27: ='디저트&완제품'!B29 -> 치즈 스틱케이(파미유) | C27: ='디저트&완제품'!AK29 -> 10
A28: ='디저트&완제품'!A30 -> 2027-01-06 | B28: ='디저트&완제품'!B30 -> 쿠키앤치즈 스틱케이(파미유) | C28: ='디저트&완제품'!AK30 -> 11
A29: ='디저트&완제품'!A31 -> 2026-08-24 | B29: ='디저트&완제품'!B31 -> 링도넛츠 -초코(파미유) | C29: ='디저트&완제품'!AK31 -> 31
A30: ='디저트&완제품'!A32 -> 2026-09-13 | B30: ='디저트&완제품'!B32 -> 링도넛츠 -글레이츠(파미유) | C30: ='디저트&완제품'!AK32 -> 40
A31: ='디저트&완제품'!A33 -> 2026-10-08 | B31: ='디저트&완제품'!B33 -> 카야 대만샌드위치(파미유) | C31: ='디저트&완제품'!AK33 -> 6
A32: ='디저트&완제품'!A34 -> 2026-10-08 | B32: ='디저트&완제품'!B34 -> 햄치즈 대만샌드위치(파미유) | C32: ='디저트&완제품'!AK34 -> 20
A33: ='디저트&완제품'!A36 -> 2026-11-03 | B33: ='디저트&완제품'!B36 -> 마카다미아 | C33: ='디저트&완제품'!AK36 -> 14
A34: ='디저트&완제품'!A37 -> 2027-10-16 | B34: ='디저트&완제품'!B37 -> 초코렛 | C34: ='디저트&완제품'!AK37 -> 26
A35: ='디저트&완제품'!A38 -> 2026-11-26 | B35: ='디저트&완제품'!B38 -> 아몬드(빙수) | C35: ='디저트&완제품'!AK38 -> 0
A36: ='디저트&완제품'!A13 -> 2028-03-23 | B36: ='디저트&완제품'!B13 -> 점보 매콤닭다리 | C36: ='디저트&완제품'!AK13 -> 7
A37: ='디저트&완제품'!A39 -> 0 | B37: ='디저트&완제품'!B39 -> 떡볶이 | C37: ='디저트&완제품'!AK39 -> 0
