Workbook
Name _10±Ý´_°è_ïÇ³: '[1]9612서울'!#REF!
Name _100Àü´_°è½Åº: '[1]9612서울'!#REF!
Name _102Àü´_°è¹Ì¸íµ¿: '[1]9612서울'!#REF!
Name _104Àü´_°è¹Ì_ó°è: '[1]9612서울'!#REF!
Name _106Àü´_°è¹ÌÃ_·_¸: '[1]9612서울'!#REF!
Name _108Àü´_°èÁø·Î: '[1]9612서울'!#REF!
Name _110Àü´_°èÇÑ°¶·¯: '[1]9612서울'!#REF!
Name _112Àü´_°èÇÑ½ÅÄÚ¾Æ: '[1]9612서울'!#REF!
Name _114Àü´_°èÇÑÀá½Ç: '[1]9612서울'!#REF!
Name _116Àü´_°èÇö¹: '[1]9612서울'!#REF!
Name _118Àü´_°èÇöº: '[1]9612서울'!#REF!
Name _12±Ý´_°è°¶·¯¸_¾Æ: '[1]9612서울'!#REF!
Name _120Àü´çÀÏ±×·_µå: '[1]9612서울'!#REF!
Name _122Àü´çÀÏ_ïÇ³: '[1]9612서울'!#REF!
Name _124Àü´çÀÏ·Ôº: '[1]9612서울'!#REF!
Name _126Àü´çÀÏ½ÅÃµÈ: '[1]9612서울'!#REF!
Name _128Àü´çÀÏ½Åº: '[1]9612서울'!#REF!
Name _130Àü´çÀÏ¹Ì_ó°è: '[1]9612서울'!#REF!
Name _132Àü´çÀÏ¹ÌÃ_·: '[1]9612서울'!#REF!
Name _134Àü´çÀÏÇö¹: '[1]9612서울'!#REF!
Name _136Àü´çÀÏÇöº: '[1]9612서울'!#REF!
Name _138Àü³â´_°è¾Ö°æ: '[1]9612서울'!#REF!
Name _14±Ý´_°è°Ç¿µ: '[1]9612서울'!#REF!
Name _16±Ý´_°è·Ô¿µ: '[1]9612서울'!#REF!
Name _18±Ý´_°è·Ô¿ù: '[1]9612서울'!#REF!
Name _2´ºº_94: '[1]9612서울'!#REF!
Name _20±Ý´_°è·ÔÀá: '[1]9612서울'!#REF!
Name _22±Ý´_°è·Ôº: '[1]9612서울'!#REF!
Name _24±Ý´_°è½Å¿µ: '[1]9612서울'!#REF!
Name _26±Ý´_°è½Åµ¿¹æ: '[1]9612서울'!#REF!
Name _28±Ý´_°è½Å¹Ì¾Æ: '[1]9612서울'!#REF!
Name _30±Ý´_°è½ÅÃµÈ: '[1]9612서울'!#REF!
Name _32±Ý´_°è½Åº: '[1]9612서울'!#REF!
Name _34±Ý´_°è¹Ì¸íµ¿: '[1]9612서울'!#REF!
Name _36±Ý´_°è¹Ì_ó°è: '[1]9612서울'!#REF!
Name _38±Ý´_°è¹ÌÃ_·: '[1]9612서울'!#REF!
Name _4±Ý´_°è´ºÇÕ: '[1]9612서울'!#REF!
Name _40±Ý´_°èÁø·Î: '[1]9612서울'!#REF!
Name _42±Ý´_°èÇÑ°¶·¯: '[1]9612서울'!#REF!
Name _44±Ý´_°èÇÑ½ÅÄÚ¾Æ: '[1]9612서울'!#REF!
Name _46±Ý´_°èÇÑÀá½Ç: '[1]9612서울'!#REF!
Name _48±Ý´_°èÇö¹: '[1]9612서울'!#REF!
Name _50±Ý´_°èÇöº: '[1]9612서울'!#REF!
Name _52±Ý´çÀÏ±×·_µå: '[1]9612서울'!#REF!
Name _54±Ý´çÀÏ_ïÇ³: '[1]9612서울'!#REF!
Name _56±Ý´çÀÏ·Ôº: '[1]9612서울'!#REF!
Name _58±Ý´çÀÏ½Åº: '[1]9612서울'!#REF!
Name _6±Ý´_°è±×·_µå: '[1]9612서울'!#REF!
Name _60±Ý´çÀÏ¹Ì_ó: '[1]9612서울'!#REF!
Name _62±Ý´çÀÏ¹ÌÃ: '[1]9612서울'!#REF!
Name _64±Ý´çÀÏÇö¹: '[1]9612서울'!#REF!
Name _66±Ý´çÀÏÇöº: '[1]9612서울'!#REF!
Name _68±Ý³â´_°è¾Ö°æ: '[1]9612서울'!#REF!
Name _70½Åº_94: '[1]9612서울'!#REF!
Name _72½Åº_95: '[1]9612서울'!#REF!
Name _74Àü´_°è´ºÇÕ: '[1]9612서울'!#REF!
Name _76Àü´_°è±×·_µå: '[1]9612서울'!#REF!
Name _78Àü´_°è±×·¹ÀÌ½º: '[1]9612서울'!#REF!
Name _8±Ý´_°è±×·¹ÀÌ½º: '[1]9612서울'!#REF!
Name _80Àü´_°è_ïÇ³: '[1]9612서울'!#REF!

Sheet 출고가
A1: WORLD WINE PRICE LIST
A2: ※기준일자
A3: NO | B3: 제품명 | C3: 출고가 (부가세별도) | D3: 소비자가 | E3: 종류 | F3: 원산지 | G3: 현재고
A5: 1 | B5: 1879 S 까베르네쇼비뇽 미니 / 187ml | C5: 1700 | D5: 12000 | E5: 레드 | F5: 칠레
A6: 2 | B6: 1879 SC 샤도네이 미니 / 187ml | C6: 1700 | D6: 12000 | E6: 화이트 | F6: 칠레
A7: 3 | B7: 1879 G 모스카토 미니 / 187ml | C7: 2500 | D7: 18000 | E7: 화이트 | F7: 이태리
A8: 4 | B8: 1879 D 람부르스코 미니 / 187ml | C8: 2200 | D8: 18000 | E8: 레드 | F8: 이태리
A9: 5 | B9: E 까스틸로 델 코미다 스위트 레드 | C9: 4100 | D9: 35000 | E9: 레드 | F9: 스페인
A10: 6 | B10: E 까스틸로 델 코미다 스위트 화이트 | C10: 4100 | D10: 35000 | E10: 화이트 | F10: 스페인
A11: 7 | B11: 1879 S 까베르네쇼비뇽 | C11: 6100 | D11: 40000 | E11: 레드 | F11: 칠레
A12: 8 | B12: 1879 SC 샤도네이 | C12: 6100 | D12: 40000 | E12: 화이트 | F12: 칠레
A13: 9 | B13: 1879 G 모스카토 | C13: 8600 | D13: 45000 | E13: 화이트 | F13: 이태리
A14: 10 | B14: D 돌체 볼로 | C14: 9700 | D14: 55000 | E14: 레드 | F14: 이태리
A15: 11 | B15: 1879 FR 프레지던트 | C15: 9100 | D15: 55000 | E15: 레드 | F15: 프랑스
A16: 12 | B16: 1879 B 테레 불랑세 | C16: 9100 | D16: 55000 | E16: 레드 | F16: 프랑스
... A124: 120 | B124: 비나 솔라나 레드 5리터 | C124: 11000 | D124: 80000 | E124: 레드 | F124: 스페인
A125: 121 | B125: 미니와인 골프백 | C125: 20000 | D125: 40000 | E125: 부자재
A126: 122 | B126: 루시퍼스 그린 올리브 | C126: 2500 | D126: 5000 | E126: 올리브
A127: 123 | B127: 2본입 올리브 지함 | C127: 8000 | E127: 부자재

Sheet 7월 스쿨 출고내역 
A1: 7월 스쿨 출고 내역
A3: 날짜 | B3: 품 목 | C3: MG입고가 | D3: 스쿨 납품가 | E3: 수량 | F3: 공급가액 | G3: 부가세 | H3: 합계 | I3: 거래처
A4: 6월 30일 | B4: 파눌 레제르바 에스페셜 까베르네쇼비뇽 | C4: =_xlfn.XLOOKUP(B4, 출고가!$B:$B, 출고가!$C:$C, "") -> 8600 | D4: =C4+1000 -> 9600 | E4: 41 | F4: =D4*E4 -> 393600 | G4: =F4*10% -> 39360 | H4: =SUM(F4:G4) -> 432960 | I4: 동명대 AMP 특강 증정 (이월)
B5: 핸드케이스 | C5: =_xlfn.XLOOKUP(B5, 출고가!$B:$B, 출고가!$C:$C, "") | E5: 41 | F5: =D5*E5 -> 0 | G5: =F5*10% -> 0 | H5: =SUM(F5:G5) -> 0
B6: 1879 G 모스카토 | C6: =_xlfn.XLOOKUP(B6, 출고가!$B:$B, 출고가!$C:$C, "") -> 8600 | D6: =C6+1000 -> 9600 | E6: 6 | F6: =D6*E6 -> 57600 | G6: =F6*10% -> 5760 | H6: =SUM(F6:G6) -> 63360
B7: 1879 SC 샤도네이 | C7: =_xlfn.XLOOKUP(B7, 출고가!$B:$B, 출고가!$C:$C, "") -> 6100 | D7: =C7+1000 -> 7100 | E7: 4 | F7: =D7*E7 -> 28400 | G7: =F7*10% -> 2840 | H7: =SUM(F7:G7) -> 31240
B8: 1879 S 까베르네쇼비뇽 | C8: =_xlfn.XLOOKUP(B8, 출고가!$B:$B, 출고가!$C:$C, "") -> 6100 | D8: =C8+1000 -> 7100 | E8: 7 | F8: =D8*E8 -> 49700 | G8: =F8*10% -> 4970 | H8: =SUM(F8:G8) -> 54670
B9: 듀오 데 메 레드 | C9: =_xlfn.XLOOKUP(B9, 출고가!$B:$B, 출고가!$C:$C, "") -> 9700 | D9: =C9+1000 -> 10700 | E9: 5 | F9: =D9*E9 -> 53500 | G9: =F9*10% -> 5350 | H9: =SUM(F9:G9) -> 58850
F11: =SUM(F4:F9) -> 582800 | G11: =SUM(G4:G9) -> 58280 | H11: =SUM(H4:H9) -> 641080

Sheet 와인_7월수불대장
A1: VINI COFFEE 안락동점 7월 와인 수불 대장
A3: 품목이름 (구분/발주처) | B3: 1일 | C3: 2일 | D3: 3일 | E3: 4일 | F3: 5일 | G3: 6일 | H3: 7일 | I3: 8일 | J3: 9일 | K3: 10일 | L3: 11일 | M3: 12일 | N3: 13일 | O3: 14일 | P3: 15일 | Q3: 16일 | R3: 17일 | S3: 18일 | T3: 19일 | U3: 20일 | V3: 21일 | W3: 22일 | X3: 23일 | Y3: 24일 | Z3: 25일 | AA3: 26일 | AB3: 27일 | AC3: 28일 | AD3: 29일 | AE3: 30일 | AF3: 31일 | AG3: 전월 재고 | AH3: 금월 입고 | AI3: 월 소모 합계 | AJ3: 현 재고
A4: 1879 S 까베르네쇼비뇽 미니 / 187ml | B4: 0 | C4: 0 | D4: 0 | E4: 0 | F4: 0 | G4: 0 | H4: 0 | I4: 0 | J4: 0 | K4: 0 | L4: 0 | M4: 0 | N4: 0 | O4: 0 | P4: 0 | Q4: 0 | R4: 0 | S4: 0 | T4: 0 | U4: 0 | V4: 0 | W4: 0 | X4: 0 | Y4: 0 | Z4: 0 | AA4: 0 | AB4: 0 | AC4: 0 | AD4: 0 | AE4: 0 | AF4: 0 | AG4: 25 | AH4: 0 | AI4: =SUM(B4:AF4) -> 0 | AJ4: =AG4+AH4-AI4 -> 25
A5: 1879 SC 샤도네이 미니 / 187ml | B5: 0 | C5: 0 | D5: 0 | E5: 0 | F5: 0 | G5: 0 | H5: 0 | I5: 0 | J5: 0 | K5: 0 | L5: 0 | M5: 0 | N5: 0 | O5: 0 | P5: 0 | Q5: 0 | R5: 0 | S5: 0 | T5: 0 | U5: 0 | V5: 0 | W5: 0 | X5: 0 | Y5: 0 | Z5: 0 | AA5: 0 | AB5: 0 | AC5: 0 | AD5: 0 | AE5: 0 | AF5: 0 | AG5: 42 | AH5: 0 | AI5: =SUM(B5:AF5) -> 0 | AJ5: =AG5+AH5-AI5 -> 42
A6: 1879 G 모스카토 미니 / 187ml | B6: 0 | C6: 0 | D6: 0 | E6: 0 | F6: 0 | G6: 0 | H6: 0 | I6: 0 | J6: 0 | K6: 0 | L6: 0 | M6: 0 | N6: 0 | O6: 0 | P6: 0 | Q6: 0 | R6: 0 | S6: 0 | T6: 0 | U6: 0 | V6: 0 | W6: 0 | X6: 0 | Y6: 0 | Z6: 0 | AA6: 0 | AB6: 0 | AC6: 0 | AD6: 0 | AE6: 0 | AF6: 0 | AG6: 18 | AH6: 0 | AI6: =SUM(B6:AF6) -> 0 | AJ6: =AG6+AH6-AI6 -> 18
A7: 1879 D 람부르스코 미니 / 187ml | B7: 0 | C7: 0 | D7: 0 | E7: 0 | F7: 0 | G7: 0 | H7: 0 | I7: 0 | J7: 0 | K7: 0 | L7: 0 | M7: 0 | N7: 0 | O7: 0 | P7: 0 | Q7: 0 | R7: 0 | S7: 0 | T7: 0 | U7: 0 | V7: 0 | W7: 0 | X7: 0 | Y7: 0 | Z7: 0 | AA7: 0 | AB7: 0 | AC7: 0 | AD7: 0 | AE7: 0 | AF7: 0 | AG7: 33 | AH7: 0 | AI7: =SUM(B7:AF7) -> 0 | AJ7: =AG7+AH7-AI7 -> 33
A8: E 까스틸로 델 코미다 스위트 레드 | B8: 0 | C8: 0 | D8: 0 | E8: 0 | F8: 0 | G8: 0 | H8: 0 | I8: 0 | J8: 0 | K8: 0 | L8: 0 | M8: 0 | N8: 0 | O8: 0 | P8: 0 | Q8: 0 | R8: 0 | S8: 0 | T8: 0 | U8: 0 | V8: 0 | W8: 0 | X8: 0 | Y8: 0 | Z8: 0 | AA8: 0 | AB8: 0 | AC8: 0 | AD8: 0 | AE8: 0 | AF8: 0 | AG8: 0 | AH8: 0 | AI8: =SUM(B8:AF8) -> 0 | AJ8: =AG8+AH8-AI8 -> 0
A9: E 까스틸로 델 코미다 스위트 화이트 | B9: 0 | C9: 0 | D9: 0 | E9: 0 | F9: 0 | G9: 0 | H9: 0 | I9: 0 | J9: 0 | K9: 0 | L9: 0 | M9: 0 | N9: 0 | O9: 0 | P9: 0 | Q9: 0 | R9: 0 | S9: 0 | T9: 0 | U9: 0 | V9: 0 | W9: 0 | X9: 0 | Y9: 0 | Z9: 0 | AA9: 0 | AB9: 0 | AC9: 0 | AD9: 0 | AE9: 0 | AF9: 0 | AG9: 0 | AH9: 0 | AI9: =SUM(B9:AF9) -> 0 | AJ9: =AG9+AH9-AI9 -> 0
A10: 1879 S 까베르네쇼비뇽 | B10: 7 | C10: 0 | D10: 0 | E10: 0 | F10: 0 | G10: 0 | H10: 0 | I10: 0 | J10: 0 | K10: 0 | L10: 0 | M10: 0 | N10: 0 | O10: 0 | P10: 0 | Q10: 0 | R10: 0 | S10: 0 | T10: 0 | U10: 0 | V10: 0 | W10: 0 | X10: 0 | Y10: 0 | Z10: 0 | AA10: 0 | AB10: 0 | AC10: 0 | AD10: 0 | AE10: 0 | AF10: 0 | AG10: 28 | AH10: 0 | AI10: =SUM(B10:AF10) -> 7 | AJ10: =AG10+AH10-AI10 -> 21
A11: 1879 SC 샤도네이 | B11: 4 | C11: 0 | D11: 0 | E11: 0 | F11: 0 | G11: 0 | H11: 0 | I11: 0 | J11: 0 | K11: 0 | L11: 0 | M11: 0 | N11: 0 | O11: 0 | P11: 0 | Q11: 0 | R11: 0 | S11: 0 | T11: 0 | U11: 0 | V11: 0 | W11: 0 | X11: 0 | Y11: 0 | Z11: 0 | AA11: 0 | AB11: 0 | AC11: 0 | AD11: 0 | AE11: 0 | AF11: 0 | AG11: 28 | AH11: 0 | AI11: =SUM(B11:AF11) -> 4 | AJ11: =AG11+AH11-AI11 -> 24
A12: 1879 G 모스카토 | B12: 6 | C12: 0 | D12: 0 | E12: 0 | F12: 0 | G12: 0 | H12: 0 | I12: 0 | J12: 0 | K12: 0 | L12: 0 | M12: 0 | N12: 0 | O12: 0 | P12: 0 | Q12: 0 | R12: 0 | S12: 0 | T12: 0 | U12: 0 | V12: 0 | W12: 0 | X12: 0 | Y12: 0 | Z12: 0 | AA12: 0 | AB12: 0 | AC12: 0 | AD12: 0 | AE12: 0 | AF12: 0 | AG12: 14 | AH12: 0 | AI12: =SUM(B12:AF12) -> 6 | AJ12: =AG12+AH12-AI12 -> 8
A13: D 돌체 볼로 | B13: 0 | C13: 0 | D13: 0 | E13: 0 | F13: 0 | G13: 0 | H13: 0 | I13: 0 | J13: 0 | K13: 0 | L13: 0 | M13: 0 | N13: 0 | O13: 0 | P13: 0 | Q13: 0 | R13: 0 | S13: 0 | T13: 0 | U13: 0 | V13: 0 | W13: 0 | X13: 0 | Y13: 0 | Z13: 0 | AA13: 0 | AB13: 0 | AC13: 0 | AD13: 0 | AE13: 0 | AF13: 0 | AG13: 16 | AH13: 0 | AI13: =SUM(B13:AF13) -> 0 | AJ13: =AG13+AH13-AI13 -> 16
A14: 1879 FR 프레지던트 | B14: 0 | C14: 0 | D14: 0 | E14: 0 | F14: 0 | G14: 0 | H14: 0 | I14: 0 | J14: 0 | K14: 0 | L14: 0 | M14: 0 | N14: 0 | O14: 0 | P14: 0 | Q14: 0 | R14: 0 | S14: 0 | T14: 0 | U14: 0 | V14: 0 | W14: 0 | X14: 0 | Y14: 0 | Z14: 0 | AA14: 0 | AB14: 0 | AC14: 0 | AD14: 0 | AE14: 0 | AF14: 0 | AG14: 8 | AH14: 0 | AI14: =SUM(B14:AF14) -> 0 | AJ14: =AG14+AH14-AI14 -> 8
A15: 1879 B 테레 불랑세 | B15: 0 | C15: 0 | D15: 0 | E15: 0 | F15: 0 | G15: 0 | H15: 0 | I15: 0 | J15: 0 | K15: 0 | L15: 0 | M15: 0 | N15: 0 | O15: 0 | P15: 0 | Q15: 0 | R15: 0 | S15: 0 | T15: 0 | U15: 0 | V15: 0 | W15: 0 | X15: 0 | Y15: 0 | Z15: 0 | AA15: 0 | AB15: 0 | AC15: 0 | AD15: 0 | AE15: 0 | AF15: 0 | AG15: 11 | AH15: 0 | AI15: =SUM(B15:AF15) -> 0 | AJ15: =AG15+AH15-AI15 -> 11
... A38: 와피 레세르바 쇼비뇽블랑 | B38: 0 | C38: 0 | D38: 0 | E38: 0 | F38: 0 | G38: 0 | H38: 0 | I38: 0 | J38: 0 | K38: 0 | L38: 0 | M38: 0 | N38: 0 | O38: 0 | P38: 0 | Q38: 0 | R38: 0 | S38: 0 | T38: 0 | U38: 0 | V38: 0 | W38: 0 | X38: 0 | Y38: 0 | Z38: 0 | AA38: 0 | AB38: 0 | AC38: 0 | AD38: 0 | AE38: 0 | AF38: 0 | AG38: 0 | AH38: 0 | AI38: =SUM(B38:AF38) -> 0 | AJ38: =AG38+AH38-AI38 -> 0
A39: 파눌 레제르바 에스페셜 까베르네쇼비뇽 | B39: 0 | C39: 0 | D39: 0 | E39: 0 | F39: 0 | G39: 0 | H39: 0 | I39: 0 | J39: 0 | K39: 0 | L39: 0 | M39: 0 | N39: 0 | O39: 0 | P39: 0 | Q39: 0 | R39: 0 | S39: 0 | T39: 0 | U39: 0 | V39: 0 | W39: 0 | X39: 0 | Y39: 0 | Z39: 0 | AA39: 0 | AB39: 0 | AC39: 0 | AD39: 0 | AE39: 0 | AF39: 0 | AG39: 18 | AH39: 36 | AI39: 41 | AJ39: =AG39+AH39-AI39 -> 13
A40: 파눌 레제르바 에스페셜 시라 | B40: 0 | C40: 0 | D40: 0 | E40: 0 | F40: 0 | G40: 0 | H40: 0 | I40: 0 | J40: 0 | K40: 0 | L40: 0 | M40: 0 | N40: 0 | O40: 0 | P40: 0 | Q40: 0 | R40: 0 | S40: 0 | T40: 0 | U40: 0 | V40: 0 | W40: 0 | X40: 0 | Y40: 0 | Z40: 0 | AA40: 0 | AB40: 0 | AC40: 0 | AD40: 0 | AE40: 0 | AF40: 0 | AG40: 24 | AH40: 0 | AI40: =SUM(B40:AF40) -> 0 | AJ40: =AG40+AH40-AI40 -> 24
A41: 파눌 레제르바 에스페셜 샤도네이 | B41: 0 | C41: 0 | D41: 0 | E41: 0 | F41: 0 | G41: 0 | H41: 0 | I41: 0 | J41: 0 | K41: 0 | L41: 0 | M41: 0 | N41: 0 | O41: 0 | P41: 0 | Q41: 0 | R41: 0 | S41: 0 | T41: 0 | U41: 0 | V41: 0 | W41: 0 | X41: 0 | Y41: 0 | Z41: 0 | AA41: 0 | AB41: 0 | AC41: 0 | AD41: 0 | AE41: 0 | AF41: 0 | AG41: 15 | AH41: 0 | AI41: =SUM(B41:AF41) -> 0 | AJ41: =AG41+AH41-AI41 -> 15
A42: 파눌 그랑 레제르바 쉬라 | B42: 0 | C42: 0 | D42: 0 | E42: 0 | F42: 0 | G42: 0 | H42: 0 | I42: 0 | J42: 0 | K42: 0 | L42: 0 | M42: 0 | N42: 0 | O42: 0 | P42: 0 | Q42: 0 | R42: 0 | S42: 0 | T42: 0 | U42: 0 | V42: 0 | W42: 0 | X42: 0 | Y42: 0 | Z42: 0 | AA42: 0 | AB42: 0 | AC42: 0 | AD42: 0 | AE42: 0 | AF42: 0 | AG42: 0 | AH42: 0 | AI42: =SUM(B42:AF42) -> 0 | AJ42: =AG42+AH42-AI42 -> 0
A43: 와피 그랑 레제르바 까베르네쇼비뇽 | B43: 0 | C43: 0 | D43: 0 | E43: 0 | F43: 0 | G43: 0 | H43: 0 | I43: 0 | J43: 0 | K43: 0 | L43: 0 | M43: 0 | N43: 0 | O43: 0 | P43: 0 | Q43: 0 | R43: 0 | S43: 0 | T43: 0 | U43: 0 | V43: 0 | W43: 0 | X43: 0 | Y43: 0 | Z43: 0 | AA43: 0 | AB43: 0 | AC43: 0 | AD43: 0 | AE43: 0 | AF43: 0 | AG43: 0 | AH43: 0 | AI43: =SUM(B43:AF43) -> 0 | AJ43: =AG43+AH43-AI43 -> 0
A44: 와피 그랑 레제르바 피노누아 | B44: 0 | C44: 0 | D44: 0 | E44: 0 | F44: 0 | G44: 0 | H44: 0 | I44: 0 | J44: 0 | K44: 0 | L44: 0 | M44: 0 | N44: 0 | O44: 0 | P44: 0 | Q44: 0 | R44: 0 | S44: 0 | T44: 0 | U44: 0 | V44: 0 | W44: 0 | X44: 0 | Y44: 0 | Z44: 0 | AA44: 0 | AB44: 0 | AC44: 0 | AD44: 0 | AE44: 0 | AF44: 0 | AG44: 11 | AH44: 0 | AI44: =SUM(B44:AF44) -> 0 | AJ44: =AG44+AH44-AI44 -> 11
A45: C.E.O 까베르네쇼비뇽 리제르바 에스페셜 | B45: 0 | C45: 0 | D45: 0 | E45: 0 | F45: 0 | G45: 0 | H45: 0 | I45: 0 | J45: 0 | K45: 0 | L45: 0 | M45: 0 | N45: 0 | O45: 0 | P45: 0 | Q45: 0 | R45: 0 | S45: 0 | T45: 0 | U45: 0 | V45: 0 | W45: 0 | X45: 0 | Y45: 0 | Z45: 0 | AA45: 0 | AB45: 0 | AC45: 0 | AD45: 0 | AE45: 0 | AF45: 0 | AG45: 8 | AH45: 0 | AI45: =SUM(B45:AF45) -> 0 | AJ45: =AG45+AH45-AI45 -> 8
A46: 피칠레무 아줄 프로폰도 리미티드 에디션 | B46: 0 | C46: 0 | D46: 0 | E46: 0 | F46: 0 | G46: 0 | H46: 0 | I46: 0 | J46: 0 | K46: 0 | L46: 0 | M46: 0 | N46: 0 | O46: 0 | P46: 0 | Q46: 0 | R46: 0 | S46: 0 | T46: 0 | U46: 0 | V46: 0 | W46: 0 | X46: 0 | Y46: 0 | Z46: 0 | AA46: 0 | AB46: 0 | AC46: 0 | AD46: 0 | AE46: 0 | AF46: 0 | AG46: 8 | AH46: 0 | AI46: =SUM(B46:AF46) -> 0 | AJ46: =AG46+AH46-AI46 -> 8
A47: 파눌 레제르바 에스칼라타 리미티드 에디션 | B47: 0 | C47: 0 | D47: 0 | E47: 0 | F47: 0 | G47: 0 | H47: 0 | I47: 0 | J47: 0 | K47: 0 | L47: 0 | M47: 0 | N47: 0 | O47: 0 | P47: 0 | Q47: 0 | R47: 0 | S47: 0 | T47: 0 | U47: 0 | V47: 0 | W47: 0 | X47: 0 | Y47: 0 | Z47: 0 | AA47: 0 | AB47: 0 | AC47: 0 | AD47: 0 | AE47: 0 | AF47: 0 | AG47: 0 | AH47: 0 | AI47: =SUM(B47:AF47) -> 0 | AJ47: =AG47+AH47-AI47 -> 0
A48: 마르치구 L 까베르네쇼비뇽 리브레 | B48: 0 | C48: 0 | D48: 0 | E48: 0 | F48: 0 | G48: 0 | H48: 0 | I48: 0 | J48: 0 | K48: 0 | L48: 0 | M48: 0 | N48: 0 | O48: 0 | P48: 0 | Q48: 0 | R48: 0 | S48: 0 | T48: 0 | U48: 0 | V48: 0 | W48: 0 | X48: 0 | Y48: 0 | Z48: 0 | AA48: 0 | AB48: 0 | AC48: 0 | AD48: 0 | AE48: 0 | AF48: 0 | AG48: 17 | AH48: 0 | AI48: =SUM(B48:AF48) -> 0 | AJ48: =AG48+AH48-AI48 -> 17
A49: 마르치구 L 쉬라 리브레 | B49: 0 | C49: 0 | D49: 0 | E49: 0 | F49: 0 | G49: 0 | H49: 0 | I49: 0 | J49: 0 | K49: 0 | L49: 0 | M49: 0 | N49: 0 | O49: 0 | P49: 0 | Q49: 0 | R49: 0 | S49: 0 | T49: 0 | U49: 0 | V49: 0 | W49: 0 | X49: 0 | Y49: 0 | Z49: 0 | AA49: 0 | AB49: 0 | AC49: 0 | AD49: 0 | AE49: 0 | AF49: 0 | AG49: 8 | AH49: 0 | AI49: =SUM(B49:AF49) -> 0 | AJ49: =AG49+AH49-AI49 -> 8
A50: 마르치구 M 까베르네쇼비뇽 프라이빗 콜렉션 | B50: 0 | C50: 0 | D50: 0 | E50: 0 | F50: 0 | G50: 0 | H50: 0 | I50: 0 | J50: 0 | K50: 0 | L50: 0 | M50: 0 | N50: 0 | O50: 0 | P50: 0 | Q50: 0 | R50: 0 | S50: 0 | T50: 0 | U50: 0 | V50: 0 | W50: 0 | X50: 0 | Y50: 0 | Z50: 0 | AA50: 0 | AB50: 0 | AC50: 0 | AD50: 0 | AE50: 0 | AF50: 0 | AG50: 9 | AH50: 0 | AI50: =SUM(B50:AF50) -> 0 | AJ50: =AG50+AH50-AI50 -> 9
A51: 마르치구 M 쉬라 프라이빗 콜렉션 | B51: 0 | C51: 0 | D51: 0 | E51: 0 | F51: 0 | G51: 0 | H51: 0 | I51: 0 | J51: 0 | K51: 0 | L51: 0 | M51: 0 | N51: 0 | O51: 0 | P51: 0 | Q51: 0 | R51: 0 | S51: 0 | T51: 0 | U51: 0 | V51: 0 | W51: 0 | X51: 0 | Y51: 0 | Z51: 0 | AA51: 0 | AB51: 0 | AC51: 0 | AD51: 0 | AE51: 0 | AF51: 0 | AG51: 5 | AH51: 0 | AI51: =SUM(B51:AF51) -> 0 | AJ51: =AG51+AH51-AI51 -> 5
... A110: 페리에 그랑브뤼 | B110: 0 | C110: 0 | D110: 0 | E110: 0 | F110: 0 | G110: 0 | H110: 0 | I110: 0 | J110: 0 | K110: 0 | L110: 0 | M110: 0 | N110: 0 | O110: 0 | P110: 0 | Q110: 0 | R110: 0 | S110: 0 | T110: 0 | U110: 0 | V110: 0 | W110: 0 | X110: 0 | Y110: 0 | Z110: 0 | AA110: 0 | AB110: 0 | AC110: 0 | AD110: 0 | AE110: 0 | AF110: 0 | AG110: 6 | AH110: 0 | AI110: =SUM(B110:AF110) -> 0 | AJ110: =AG110+AH110-AI110 -> 6
AJ111: =AG111+AH111-AI111 -> 0

Sheet 현재고_요약
A1: 실시간 와인 현재고 요약 (7월)
A3: 품목이름 (구분/발주처) | B3: 현 재고
A4: =와인_7월수불대장!A4 -> 1879 S 까베르네쇼비뇽 미니 / 187ml | B4: =와인_7월수불대장!AJ4 -> 25
A5: =와인_7월수불대장!A5 -> 1879 SC 샤도네이 미니 / 187ml | B5: =와인_7월수불대장!AJ5 -> 42
A6: =와인_7월수불대장!A6 -> 1879 G 모스카토 미니 / 187ml | B6: =와인_7월수불대장!AJ6 -> 18
A7: =와인_7월수불대장!A7 -> 1879 D 람부르스코 미니 / 187ml | B7: =와인_7월수불대장!AJ7 -> 33
A8: =와인_7월수불대장!A8 -> E 까스틸로 델 코미다 스위트 레드 | B8: =와인_7월수불대장!AJ8 -> 0
A9: =와인_7월수불대장!A9 -> E 까스틸로 델 코미다 스위트 화이트 | B9: =와인_7월수불대장!AJ9 -> 0
A10: =와인_7월수불대장!A10 -> 1879 S 까베르네쇼비뇽 | B10: =와인_7월수불대장!AJ10 -> 21
A11: =와인_7월수불대장!A11 -> 1879 SC 샤도네이 | B11: =와인_7월수불대장!AJ11 -> 24
A12: =와인_7월수불대장!A12 -> 1879 G 모스카토 | B12: =와인_7월수불대장!AJ12 -> 8
A13: =와인_7월수불대장!A13 -> D 돌체 볼로 | B13: =와인_7월수불대장!AJ13 -> 16
A14: =와인_7월수불대장!A14 -> 1879 FR 프레지던트 | B14: =와인_7월수불대장!AJ14 -> 8
A15: =와인_7월수불대장!A15 -> 1879 B 테레 불랑세 | B15: =와인_7월수불대장!AJ15 -> 11
... A110: =와인_7월수불대장!A110 -> 페리에 그랑브뤼 | B110: =와인_7월수불대장!AJ110 -> 6
